{"text": " \ud83d\udca6", "segments": [{"id": 0, "seek": 0, "start": 0.0, "end": 2.0, "text": " \ud83d\udca6", "tokens": [50364, 7385, 240, 99, 50464], "temperature": 1.0, "avg_logprob": -2.200684388478597, "compression_ratio": 0.3333333333333333, "no_speech_prob": 0.56472247838974}], "language": "no"}